insert into banks (id, bic_number, country, name)
values (1, 'QWE123', 'Canada', 'Canada bank'),
       (2, 'ASD456', 'Japan', 'Japan bank'),
       (3, 'ZXC876', 'China', 'China bank'),
       (4, 'GHE123', 'Russia', 'Russia bank'),
       (5, 'ZZZ123', 'USA', 'USA bank');

insert into customers (id, name, surname, is_active)
values ('1', 'Daniel', 'Stone', 'True'),
       ('2', 'Mark', 'Styles', 'True'),
       ('3', 'Luke', 'Donovan', 'False'),
       ('4', 'Jacqueline', 'Robinson', 'True'),
       ('5', 'Ramon', 'Salt', 'False'),
       ('6', 'Angela', 'Martin', 'False'),
       ('7', 'Cherish', 'Raven', 'True'),
       ('8', 'Callie', 'Weston', 'False'),
       ('9', 'Chuck', 'Kidd', 'False'),
       ('10', 'Karla', 'Gardner', 'False'),
       ('11', 'Anthony', 'Taylor', 'False'),
       ('12', 'Bart', 'Harrison', 'True'),
       ('13', 'Darlene', 'Lynch', 'False'),
       ('14', 'Faith', 'Selby', 'False'),
       ('15', 'Jack', 'Clarkson', 'True'),
       ('16', 'Rocco', 'Exton', 'False'),
       ('17', 'Luke', 'Sanchez', 'False'),
       ('18', 'Maxwell', 'Kennedy', 'True'),
       ('19', 'Ethan', 'Santos', 'True'),
       ('20', 'Jane', 'Jones', 'False'),
       ('21', 'Mina', 'Isaac', 'True'),
       ('22', 'Martin', 'Locke', 'True'),
       ('23', 'Hayden', 'Booth', 'False'),
       ('24', 'Javier', 'Isaac', 'True'),
       ('25', 'Kurt', 'Matthews', 'False'),
       ('26', 'Estrella', 'Tyrrell', 'True'),
       ('27', 'Leslie', 'Weston', 'False'),
       ('28', 'Jacob', 'Morrison', 'False'),
       ('29', 'Liam', 'Robe', 'False'),
       ('30', 'Nicholas', 'Farmer', 'False'),
       ('31', 'Moira', 'Tate', 'True'),
       ('32', 'Esmeralda', 'Wheeler', 'False'),
       ('33', 'Miriam', 'Shepherd', 'False'),
       ('34', 'Hailey', 'Morris', 'True'),
       ('35', 'Marvin', 'Uttley', 'True'),
       ('36', 'Payton', 'Norris', 'False'),
       ('37', 'Gwenyth', 'Baker', 'True'),
       ('38', 'Jack', 'Tyler', 'True'),
       ('39', 'Vivian', 'Howard', 'True'),
       ('40', 'Deborah', 'Dempsey', 'True'),
       ('41', 'Russel', 'Howard', 'True'),
       ('42', 'Mike', 'Robinson', 'True'),
       ('43', 'Logan', 'Long', 'True'),
       ('44', 'Matthew', 'Reynolds', 'True'),
       ('45', 'George', 'Adams', 'False'),
       ('46', 'Bryon', 'Rodgers', 'True'),
       ('47', 'Johnathan', 'Poole', 'True'),
       ('48', 'Chadwick', 'Pond', 'True'),
       ('49', 'Elijah', 'Larkin', 'True'),
       ('50', 'Ramon', 'Egerton', 'True'),
       ('51', 'Lauren', 'Anderson', 'False'),
       ('52', 'Camellia', 'Ripley', 'False'),
       ('53', 'Domenic', 'Judd', 'True'),
       ('54', 'Caitlyn', 'Torres', 'True'),
       ('55', 'Ryan', 'Rowlands', 'True'),
       ('56', 'Percy', 'Yang', 'False'),
       ('57', 'Gabriel', 'Pickard', 'False'),
       ('58', 'Martin', 'Leigh', 'True'),
       ('59', 'Denis', 'Evans', 'False'),
       ('60', 'Chad', 'Wilton', 'True'),
       ('61', 'Tyson', 'Clark', 'False'),
       ('62', 'Matthew', 'Jackson', 'True'),
       ('63', 'Ryan', 'Dowson', 'False'),
       ('64', 'Meredith', 'Rehman', 'True'),
       ('65', 'Rufus', 'Salt', 'False'),
       ('66', 'Nick', 'Nurton', 'False'),
       ('67', 'Chester', 'Janes', 'False'),
       ('68', 'Karla', 'Morgan', 'False'),
       ('69', 'Boris', 'Drake', 'False'),
       ('70', 'Zoe', 'Shaw', 'True'),
       ('71', 'Nathan', 'Russell', 'False'),
       ('72', 'Gina', 'Wigley', 'False'),
       ('73', 'Kendra', 'Parker', 'False'),
       ('74', 'Hazel', 'Hilton', 'False'),
       ('75', 'Tony', 'Abbey', 'True'),
       ('76', 'Rhea', 'Bradley', 'True'),
       ('77', 'Livia', 'Whittle', 'False'),
       ('78', 'Manuel', 'White', 'True'),
       ('79', 'Enoch', 'Wilson', 'False'),
       ('80', 'Phillip', 'Thorpe', 'False'),
       ('81', 'Alexia', 'Furnell', 'True'),
       ('82', 'Elijah', 'Vince', 'True'),
       ('83', 'Bryon', 'Butler', 'False'),
       ('84', 'Abdul', 'Griffiths', 'False'),
       ('85', 'Nick', 'Stone', 'False'),
       ('86', 'Livia', 'Maxwell', 'False'),
       ('87', 'Melody', 'Hooper', 'False'),
       ('88', 'Rocco', 'Jarvis', 'True'),
       ('89', 'Abdul', 'Jobson', 'False'),
       ('90', 'Phillip', 'Radcliffe', 'True'),
       ('91', 'Maya', 'White', 'True'),
       ('92', 'Ada', 'Irwin', 'False'),
       ('93', 'Martin', 'Marshall', 'True'),
       ('94', 'Hannah', 'Stevens', 'True'),
       ('95', 'Anthony', 'Truscott', 'True'),
       ('96', 'Audrey', 'Russell', 'True'),
       ('97', 'Gladys', 'Poulton', 'False'),
       ('98', 'Marissa', 'Parker', 'True'),
       ('99', 'Johnny', 'Davies', 'False'),
       ('100', 'Liliana', 'Grey', 'True');

insert into currencies(id, handle, name)
values (1, 'RUB', 'Russian Ruble'),
       (2, 'PLN', 'Zloty'),
       (3, 'EUR', 'Euro'),
       (4, 'USD', 'US Dollar'),
       (5, 'ILS', 'New Israeli Sheqel'),
       (6, 'CNY', 'Yuan Renminbi');

insert into account_type (id, name)
values (1, 'Savings'),
       (2, 'Deposit'),
       (3, 'Credit');

insert into accounts (id, balance, is_active, bank_id, currency_id, customer_id, opening_date, type_id, number)
values ('1', '561,874,856GBP', 'False', 1, 1, 37, '4625-09-05 17:41:44Z', 2, 'b667fc10-c84f-4d1c-968a-0014f9129cfd'),
       ('2', '266,325,461GBP', 'False', 4, 2, 7, '3668-05-23 05:32:39Z', 2, '3c4369e9-eb92-4637-a49e-a48c5e2e6fda'),
       ('3', '943,935,422NZD', 'True', 2, 1, 60, '2341-12-04 18:24:17Z', 2, '3c3cc6a7-d978-403c-a74c-f5cf1dbd6519'),
       ('4', '225,403,812LBP', 'False', 2, 2, 56, '2484-07-31 01:57:08Z', 2, '6f79aa1f-078f-436c-809c-964ac737c124'),
       ('5', '887,891,821UZS', 'True', 3, 4, 67, '0157-10-18 07:41:37Z', 2, 'bb6454aa-3016-44ad-b9a3-808d67561daf'),
       ('6', '751,138,782BND', 'False', 1, 3, 6, '8495-02-04 01:43:16Z', 1, '8b3ad159-fd7e-4d5a-bae3-74da006ce0a4'),
       ('7', '803,411,553CHF', 'False', 4, 2, 79, '9735-02-03 20:27:10Z', 1, '859721dc-b416-4fc0-8e8e-6004def5e690'),
       ('8', '606,045,572GBP', 'True', 3, 2, 51, '5242-01-23 03:31:18Z', 2, '16edc29b-73a0-41d8-af62-b183b6394a41'),
       ('9', '394,123,685USD', 'False', 4, 2, 79, '1591-06-10 03:24:18Z', 2, '7b24197f-0509-403f-b7b1-57147b53e0b0'),
       ('10', '691,678,838CZK', 'True', 4, 3, 8, '2902-06-08 03:56:04Z', 2, '9f551a54-ac36-4433-8c80-a7031d937238'),
       ('11', '971,038,462COP', 'True', 1, 4, 89, '2633-04-23 15:04:26Z', 1, '2d75829e-6b5a-43db-8501-21f100bb856f'),
       ('12', '280,852,192CHF', 'True', 3, 1, 87, '1980-09-19 03:51:21Z', 2, '989c2834-88ff-419c-8116-3f58544723fb'),
       ('13', '248,787,712MDL', 'False', 2, 1, 84, '4289-09-06 18:31:33Z', 2, '492deb58-c0dc-4b91-8c5e-213ce0e6a17d'),
       ('14', '193,888,577BYR', 'False', 3, 1, 97, '6100-02-20 08:53:36Z', 2, '5f5250fb-98ae-40e8-962f-d44dcb6f5262'),
       ('15', '612,334,179XCD', 'False', 1, 4, 44, '0913-05-31 14:10:30Z', 2, 'c78f873f-9628-400e-8eae-5227da9eef22'),
       ('16', '135,394,363GIP', 'True', 1, 1, 34, '7499-04-01 15:08:23Z', 2, '3ad9a147-a46f-4851-a50f-e6ea45e96ecc'),
       ('17', '68,925,878MAD', 'False', 4, 4, 54, '3437-07-04 00:57:52Z', 2, 'c9ea1006-d725-48dc-a875-93948e553a0c'),
       ('18', '403,319,390AFN', 'False', 1, 2, 28, '0169-10-30 11:20:15Z', 1, 'aa95a072-e3ff-47ac-b4c9-990103a8cf4e'),
       ('19', '249,926,487SGD', 'True', 3, 4, 97, '4714-12-10 01:56:03Z', 2, '589b940c-9207-44dd-b587-b1f40cbe4bf7'),
       ('20', '197,067,740NGN', 'False', 3, 1, 60, '1673-03-28 11:48:15Z', 2, '5dd35ea4-8df6-4b8d-9525-9f154e5454e6'),
       ('21', '685,492,602HUF', 'True', 4, 2, 17, '7276-12-11 04:33:51Z', 2, '61c98eaf-08bd-4ed5-8555-29cb6793a79b'),
       ('22', '378,309,515MUR', 'True', 4, 2, 90, '4401-09-16 15:41:41Z', 2, '13f638d5-0c4f-4fff-b3e0-13e66865afe1'),
       ('23', '291,474,978XOF', 'True', 3, 1, 61, '4345-11-16 00:50:39Z', 1, '30a08d29-05a4-4524-9696-efa89f28740a'),
       ('24', '200,336,288XCD', 'True', 4, 2, 43, '6260-03-18 10:35:29Z', 1, 'bf2811f8-ed7e-4f4f-bca8-4e3e95ce4cf3'),
       ('25', '406,726,276DOP', 'False', 4, 4, 85, '9826-10-20 16:53:53Z', 1, '8a39996b-01ff-49cb-a3cc-698d388a42e9'),
       ('26', '1,193,174BND', 'True', 4, 2, 56, '5185-01-21 11:37:55Z', 1, '08bbf090-0063-420b-ac13-8aeb87dae0bc'),
       ('27', '806,095,865MDL', 'False', 2, 1, 32, '6941-01-29 20:55:53Z', 1, '6e3e33c4-9839-46df-87b4-d6c5fb05f59d'),
       ('28', '929,347,436QAR', 'False', 1, 3, 41, '3015-09-25 20:09:40Z', 2, '4a0451f1-36c7-4b98-b4be-610e15957635'),
       ('29', '349,411,682HUF', 'True', 1, 4, 93, '7703-06-10 11:56:16Z', 2, '63b2ecea-0bef-4bd6-b7ca-0ac2266a4f7d'),
       ('30', '189,729,005CAD', 'False', 3, 1, 56, '0629-07-08 21:41:09Z', 1, '01bf18e6-ea96-4882-a377-5b25955e54d8'),
       ('31', '911,348,641LBP', 'True', 1, 3, 35, '6505-10-07 12:40:57Z', 2, '1fc31406-eca5-4037-a1b1-bb4ada188ec2'),
       ('32', '412,276,544HUF', 'True', 1, 1, 77, '9752-08-15 05:49:01Z', 1, 'da5afc93-f366-40c2-b792-98684328ec04'),
       ('33', '977,637,204HKD', 'False', 3, 3, 1, '6527-04-01 03:13:05Z', 2, '090ea035-6be9-46ec-b0a1-57080817d7a7'),
       ('34', '466,728,416QAR', 'False', 3, 3, 17, '5004-07-02 12:46:13Z', 1, '98f06945-b9fe-4984-9bb1-8fabd07dd313'),
       ('35', '557,836,301CHF', 'False', 4, 1, 19, '0756-01-29 07:02:49Z', 1, 'ea39d546-ecbe-4426-b4bb-14752794bcfc'),
       ('36', '919,972,061CHF', 'False', 3, 2, 75, '1792-03-12 04:56:26Z', 2, 'cd75ad4c-3625-4d57-9dcc-b3f6616188b3'),
       ('37', '592,485,157SGD', 'True', 3, 3, 90, '1938-08-10 12:25:06Z', 2, '87cb6a96-5765-412f-ac63-704e476c60c5'),
       ('38', '566,733,361HKD', 'False', 1, 1, 36, '4173-06-06 06:04:56Z', 2, '79c01d75-8aab-4d45-8e10-1a80945e4d6a'),
       ('39', '576,239,160JOD', 'True', 1, 1, 8, '5980-08-28 04:10:12Z', 1, '4a4efecc-93f2-41b8-a57b-6e5999e824c7'),
       ('40', '823,081,678XOF', 'True', 1, 3, 94, '4821-05-22 13:05:19Z', 1, 'e2489443-c6bb-4c40-a672-fb3585507c8b'),
       ('41', '597,994,760RON', 'True', 3, 1, 61, '5177-08-30 21:26:02Z', 1, '302c1fdb-c8be-4ac2-8473-6a4e652f3372'),
       ('42', '701,341,180USD', 'False', 2, 3, 76, '3949-02-01 22:40:09Z', 1, '1e6e1670-63ce-48ae-9937-5a43692d049f'),
       ('43', '621,695,504BSD', 'False', 1, 2, 34, '4790-06-28 21:19:37Z', 1, 'c3347a07-9712-425f-a581-729c302a9dfe'),
       ('44', '925,005,454AUD', 'False', 3, 3, 12, '3792-09-16 12:58:06Z', 1, '19e9f1d0-5cea-4f4e-a80f-6d37eaf7a14c'),
       ('45', '482,108,414RON', 'True', 2, 4, 51, '9133-02-02 14:38:32Z', 1, '23959d03-2345-4a68-9f1c-19f55a0d6e58'),
       ('46', '754,625,344XOF', 'False', 1, 3, 48, '3725-05-08 00:53:31Z', 1, 'af589e82-26f7-42e6-ac03-f2c481b473f0'),
       ('47', '504,036,623GHS', 'True', 3, 4, 94, '6296-09-21 10:47:08Z', 2, 'd7e58ce6-241d-44fe-9a54-5e608557a8f4'),
       ('48', '357,891,210USD', 'False', 4, 3, 64, '2687-02-24 07:56:24Z', 2, '53a9bcdb-c028-45b0-8ac6-cb45a2d6b5e7'),
       ('49', '310,615,265BSD', 'False', 3, 3, 43, '5697-05-07 21:38:33Z', 2, '69b747af-cab1-42d5-bdce-030c1488322b'),
       ('50', '101,806,683INR', 'True', 3, 4, 60, '9449-05-09 19:43:05Z', 2, '09f96b33-4d9b-47f8-9192-3904cda376c5');
